ID_x,No Servings,Description,Unnamed: 3,Categories,Size,Price,Nut Score,fdc_id_x,gtin_upc,serving_size,serving_size_unit,branded_food_category,description_x,ingredients,publication_date,Protein - g,Total lipid (fat),Total Carbohydrate,Energy - kcal,Energy - kJ,"Fiber, total dietary","Calcium, Ca","Iron, Fe","Magnesium, Mg","Phosphorus, P","Potassium, K",Sodium/Salt,"Zinc, Zn","Vitamin A, IU",Vitamin E (alpha-tocopherol),"Vitamin D (D2 + D3), International Units",Vitamin E,"Vitamin C, total ascorbic acid",Thiamin,Riboflavin,Niacin,Vitamin K (phylloquinone),Folic acid,"Choline, total","Sugars, total including NLEA","Fatty acids, total trans",Saturated Fat,Vitamin B-6,Vitamin B-12,Added Sugars,FDC_Description,Food_Code,Keyword,Parent,Grandparent,Chicken,Protein - cal,Carb - cal,Price per Serving
25800026227,1.0,Smart Ones Tasty American Favorites Creamy Basil Chicken with Broccoli,0,Frozen,9 oz,2.19,55,1648553,25800026227,255.0,g,Frozen Dinners & Entrees,CREAMY BASIL CHICKEN WITH BROCCOLI,"BROCCOLI, BASIL SAUCE (WATER, HALF AND HALF [MILK, CREAM], MODIFIED CORNSTARCH, PARMESAN CHEESE [CULTURED PART-SKIM MILK, SALT, ENZYMES], BASIL, NONFAT MILK, WHEY POWDER, MALTODEXTRIN, GARLIC, ROMANO CHEESE FROM COW'S MILK [CULTURED MILK, SALT, ENZYMES], SALT, SPICE, ENZYMES, SODIUM PHOSPHATE, NATURAL FLAVOR), COOKED ROASTED WHITE MEAT CHICKEN STRIPS (WHITE CHICKEN MEAT, WATER, MODIFIED TAPIOCA STARCH, SUGAR, DEXTROSE, SALT, SODIUM PHOSPHATE, MODIFIED POTATO STARCH), RED BELL PEPPERS.",2021-03-19,18.9975,31.4415,14.994,170.85,0,3.06,150.45,1.428,0.0,0.0,0.0,0.14921596147100083,0.0,2249.1,0.0,0.0,0.0,47.94,0.0,0.0,0.0,0.0,0.0,0.0,4.998,0.0,0.13427985736311215,0.0,0.0,-0.31732331564339133,"Chicken, for use with vegetables",89901006,Chicken,41 Legumes,Proteins,1,75.99,59.976,-0.027225102320502324
31000101008,1.0,Banquet Chicken & Broccoli Pot Pie Frozen Meal,0,Frozen,7 oz,1.0,40,2233896,31000101008,198.0,g,Savoury Bakery Products,BANQUET Chicken Broccoli Pot Pie,"FILLING: Water, Cooked Chicken Roll (Chicken Leg Meat, Ground Chicken, Water, Salt, Sodium Tripolyphosphate), Broccoli, Mechanically Separated Chicken (Mechanically Separated Chicken, Sodium Tripolyphosphate, Natural Flavoring, Citric Acid), Carrots, Modified Corn Starch, Less than 2% of the Following: Seasoning Blend (Salt, Onion Powder, Sodium Stearoyl-Lactylate, Sugar, Dextrose, Natural Flavor [Soy Lecithin], Paprika, Oleoresin Turmeric, Lactic Acid), Rendered Chicken Fat, Wheat Flour, Chicken Stock, Soybean Oil, Salt, Hydrolyzed Soy Protein, Flavors, Autolyzed Yeast Extract, Chicken Fat, Cooked Chicken Powder, Whey Protein Concentrate, Beta Carotene (Color). CRUST: Wheat Flour, Lard (Deodorized Lard, Hydrogenated Lard, BHT [Preservative]), Water, Dextrose, Salt, Caramel Color. CONTAINS: MILK, SOY, WHEAT.",2022-04-01,11.0088,161.9838,31.0068,330.66,0,1.98,39.6,0.7128,0.0,0.0,180.18,1.0761960149339396,0.0,999.9,0.0,0.0,0.0,2.376,0.0,0.0,0.0,0.0,0.0,0.0,3.0096,0.0,2.154388001628377,0.0,0.0,-0.31732331564339133,"Chicken, chicken roll, roasted",24198670,Chicken,41 Legumes,Proteins,1,44.0352,124.0272,-0.7355186549988356
21000044344,1.0,Velveeta Skillets Chicken & Broccoli One Pan Dinner Kit,0,Canned & Packaged,13.6 oz,3.99,0,1592702,21000044344,84.0,g,"Entrees, Sides & Small Meals","CHICKEN & BROCCOLI ORZO PASTA WITH CREAMY CHEESE SAUCE, BROCCOLI FLORETS, & SEASONING SKILLETS, CHICKEN & BROCCOLI","ENRICHED PASTA PRODUCT (WHEAT SEMOLINA, WHEAT FLOUR, NIACIN, FERROUS SULFATE [IRON], THIAMIN MONONITRATE [VITAMIN B1], RIBOFLAVIN [VITAMIN B2], FOLIC ACID); CHEESE SAUCE (WHEY, CHEDDAR CHEESE [MILK, CHEESE CULTURE, SALT, ENZYMES], CANOLA OIL, WHEY PROTEIN CONCENTRATE, MILK PROTEIN CONCENTRATE, MILK, SODIUM PHOSPHATE, CONTAINS LESS THAN 2% OF SALT, LACTIC ACID, SODIUM ALGINATE, SORBIC ACID AS A PRESERVATIVE, MILKFAT, NATURAL FLAVOR, ENZYMES, CHEESE CULTURE, OLEORESIN PAPRIKA [COLOR], ANATTO EXTRACT [COLOR]); BROCCOLI* (BROCCOLI, SUGAR); SEASONING BLEND (ONIONS*, WHEY, CHEDDAR CHEESE [MILK, CHEESE CULTURE, SALT, ENZYMES], WHEY PROTEIN CONCENTRATE, GARLIC*, MALTODEXTRIN, LACTOSE, SPICE, SALT, CONTAINS LESS THAN 2% OF SODIUM PHOSPHATE, AUTOLYZED YEAST EXTRACT, YEAST EXTRACT, CHICKEN, CITRIC ACID, CHICKEN BROTH*, CHICKEN FAT, NATURAL FLAVOR [CONTAINS CELERY SEED OIL], LACTIC ACID, CREAM, ENZYMES).",2021-03-19,9.996,71.97120000000001,40.0008,269.64,0,2.016,130.2,1.8984,0.0,0.0,299.88,0.14706868314470295,0.0,0.0,0.0,0.0,0.0,0.0,0.0,0.0,0.0,0.0,0.0,0.0,4.998,0.0,0.13941777454631224,0.0,0.0,-0.31732331564339133,"Chicken, chicken roll, roasted",24198670,Chicken,41 Legumes,Proteins,1,39.984,160.0032,1.0441432966887414
72745063695,4.0,Perdue Fresh Ground Chicken,0,"Meat & Seafood, Natural & Organic",16 oz,3.99,78,2036229,72745063695,112.0,g,"Poultry, Chicken & Turkey",FRESH AND LEAN GROUND CHICKEN,"GROUND CHICKEN, VINEGAR, ROSEMARY EXTRACT.",2021-10-28,21.9968,81.0432,0.0,170.24,0,0.0,0.0,1.0752,0.0,0.0,0.0,-1.373061219986012,0.0,0.0,0.0,0.0,0.0,0.0,0.0,0.0,0.0,0.0,0.0,0.0,0.0,0.0,0.1422385918233632,0.0,0.0,-0.31732331564339133,"Chicken, ground",24198720,Chicken,41 Legumes,Proteins,1,87.9872,0.0,-0.7355186549988356
23700028846,9.0,Tyson® Any'tizers® Homestyle Chicken Fries,0,Frozen,28.05 oz,8.29,40,2211883,23700028846,90.0,g,Frozen Appetizers & Hors D'oeuvres,"HOMESTYLE CHICKEN FRIES, HOMESTYLE","WHITE MEAT CHICKEN, BLEACHED WHEAT FLOUR, WATER, WHEAT FLOUR, MODIFIED FOOD STARCH, CONTAINS 2% OR LESS OF THE FOLLOWING: ANNATTO EXTRACT (COLOR), DEXTROSE, DISODIUM INOSINATE AND DISODIUM GUANYLATE, DRIED GARLIC, DRIED ONION, DRIED YEAST, HYDROLYZED CORN GLUTEN, LEAVENING (SODIUM ALUMINUM PHOSPHATE, SODIUM BICARBONATE), LEAVENING (SODIUM BICARBONATE, SODIUM ACID PYROPHOSPHATE, SODIUM ALUMINUM PHOSPHATE, MONOCALCIUM PHOSPHATE), CAT FIBER, PAPRIKA EXTRACT (COLOR), POTATO STARCH, SALT, SODIUM ALGINATE, SODIUM PHOSPHATES, SOYBEAN OIL, SPICES, SUGAR, YELLOW CORN FLOUR. FRIED IN VEGETABLE OIL.",2022-01-06,11.997,170.99099999999999,16.002,279.9,0,0.99,0.0,0.702,0.0,0.0,140.4,0.5389469776941267,0.0,0.0,0.0,0.0,0.0,0.0,0.0,0.0,0.0,0.0,0.0,0.0,0.0,0.0,1.1452406207633683,0.0,0.0,-0.31732331564339133,"Chicken, for use with vegetables",89901006,Chicken,41 Legumes,Proteins,1,47.988,64.008,-0.7831350282881353
810345032532,3.0,Bourbon Brothers Garlic Parmesan Chicken,0,"Deli, Meat & Seafood",14 oz,8.99,70,1998267,810345032532,140.0,g,Cooked & Prepared,"GARLIC PARMESAN SLICED CHICKEN BREASTS WITH RIB MEAT IN A GARLIC PARMESAN SAUCE PREMIUM CUTS CHICKEN, GARLIC PARMESAN","FULLY COOKED BONELESS SKINLESS CHICKEN BREASTS WITH RIB MEAT (BONELESS SKINLESS CHICKEN BREASTS WITH RIB MEAT [BONELESS SKINLESS CHICKEN BREASTS WITH RIB MEAT, WATER, CARRAGEENAN, SALT], OLIVE OIL, KOSHER SALT, BLACK PEPPER), GARLIC PARMESAN SAUCE (WATER, LIQUID MARGARINE [SOYBEAN OIL, HYDROGENATED SOYBEAN OIL, WATER, SALT, MONO AND DIGLYCERIDES, SOY LECITHIN, SODIUM BENZOATE {PRESERVATIVE}, NATURAL & ARTIFICIAL FLAVOR, BETA CAROTENE {COLOR, VITAMIN A PALMITATE}], LEMON JUICE, MINCED GARLIC IN WATER, BLACK PEPPER, OREGANO, PARSLEY, BASIL, GARLIC POWDER, THYME, GRANULATED ONION, PARMESAN POWDER [PARMESAN CHEESE, PASTEURIZED MILK, SALT, CHEESE CULTURE, ENZYMES, DISODIUM PHOSPHATE, LACTIC ACID], GRATED PARMESAN CHEESE [PASTEURIZED PART SKIM COW'S MILK, CHEESE CULTURES, SALT, ENZYMES, POWDERED CELLULOSE], CRUSHED RED PEPPER, CHICKEN BASE [ROASTED CHICKEN & CHICKEN BROTH, SALT, SUGAR, CORN STARCH, HYDROLYZED CORN PROTEIN, CHICKEN FAT, ONION POWDER, DISODIUM INOSINATE & GUANYLATE, TURMERIC, NATURAL FLAVOR], ASCORBIC ACID [VITAMIN C], XANTHAN GUM), NATURAL FLAVOR.",2021-07-29,16.002,152.964,0.0,229.6,0,0.0,79.8,0.364,0.0,0.0,0.0,-0.9251389611202047,0.0,0.0,0.0,0.0,0.0,0.0,0.0,0.0,0.0,0.0,0.0,0.0,0.0,0.0,-0.11304537174975575,0.0,0.0,-0.31732331564339133,"Chicken, for use with vegetables",89901006,Chicken,41 Legumes,Proteins,1,64.008,0.0,0.45489067723365734
23700016256,7.0,Tyson® Grilled & Ready® Fully Cooked Grilled Chicken Breast Strips,0,Frozen,22 oz,8.49,62,2108370,23700016256,84.0,g,"Frozen Poultry, Chicken & Turkey","TYSON, GRILLED & READY CHICKEN BREAST STRIPS","BONELESS, SKINLESS CHICKEN BREAST WITH RIB MEAT, WATER, CONTAINS 2% OR LESS OF THE FOLLOWING: CHICKEN FLAVOR, DEXTROSE, FLAVORS, GARLIC POWDER, MALTODEXTRIN, MOLASSES, NATURAL FLAVOR, ONION POWDER, RICE STARCH, SALT, SPICE, SUGAR.",2021-10-28,19.0008,22.5288,0.9996,99.96,0,0.0,0.0,0.3612,0.0,0.0,0.0,-0.31889071366200933,0.0,0.0,0.0,0.0,0.0,0.0,0.0,0.0,0.0,0.0,0.0,0.0,0.0,0.0,-0.6137404384263151,0.0,0.0,-0.31732331564339133,"Chicken, for use with vegetables",89901006,Chicken,41 Legumes,Proteins,1,76.0032,3.9984,-0.6105256751144239
11110448972,10.0,Kroger® Cook-in-Bag Savory Seasoned Whole Chicken,0,Meat & Seafood,56 oz,7.99,0,1998957,11110448972,112.0,g,"Frozen Poultry, Chicken & Turkey","SAVORY SEASONED WHOLE CHICKEN, SAVORY","WATER, SALT, SODIUM PHOSPHATES.",2021-07-29,17.9984,134.9712,0.0,210.56,0,0.0,20.16,0.7168,0.0,0.0,0.0,-0.4992620930710591,0.0,99.68,0.0,0.0,0.0,1.232,0.0,0.0,0.0,0.0,0.0,0.0,0.0,0.0,1.146449542453533,0.0,0.0,-0.31732331564339133,"Chicken, for use with vegetables",89901006,Chicken,41 Legumes,Proteins,1,71.9936,0.0,-0.8545595882220849
72745804892,1.0,Perdue® SimplySmart® Gluten Free Breaded Chicken Tenders,0,Frozen,22 oz,8.99,52,2134999,72745804892,95.0,g,Frozen Appetizers & Hors D'oeuvres,"ORGANICS BREADED TENDER SHAPED CHICKEN BREAST PATTIES WITH RIB MEAT, CHICKEN BREAST TENDERS","ORGANIC BONELESS CHICKEN BREAST WITH RIB MEAT, WATER, ORGANIC RICE FLOUR, ORGANIC YELLOW CORN FLOUR, ORGANIC YELLOW CORN MEAL. CONTAINS LESS THAN 2% OF SEA SALT, ORGANIC CORN STARCH, ORGANIC GARLIC POWDER, ORGANIC CANE SUGAR, ORGANIC ONION POWDER, ORGANIC RAISIN JUICE CONCENTRATE, ORGANIC HONEY, ORGANIC WHITE PEPPER, ORGANIC BLACK PEPPER, ORGANIC YEAST EXTRACT.",2021-10-28,12.996,90.03150000000001,16.9955,209.95,0,0.0,0.0,0.722,0.0,0.0,0.0,-0.10505758033481234,0.0,0.0,0.0,0.0,0.0,0.0,0.0,0.0,0.0,0.0,0.0,0.0,0.9975,0.0,0.14208747661209273,0.0,0.0,-0.31732331564339133,"Chicken, for use with vegetables",89901006,Chicken,41 Legumes,Proteins,1,51.984,67.982,4.020166627269973
11110852885,1.0,Kroger® Chicken Fries,0,Frozen,25.5 oz,5.99,59,2133032,11110852885,89.0,g,Frozen Appetizers & Hors D'oeuvres,CHICKEN FRIES,"CHICKEN BREAST WITH RIB MEAT, WATER, WHEAT FLOUR, ENRICHED BLEACHED WHEAT FLOUR (WHEAT FLOUR, NIACIN, FERROUS SULFATE, THIAMINE MONONITRATE, RIBOFLAVIN, FOLIC ACID), ISOLATED SOY PROTEIN, CONTAINS 2% OR LESS OF: MODIFIED CORN STARCH, SALT, TEXTURED SOY FLOUR, YELLOW CORN FLOUR, SUGAR, HYDROLYZED SOY PROTEIN, DEHYDRATED ONION, POTASSIUM CHLORIDE, SOYBEAN OIL, DEXTROSE, YEAST, POTASSIUM AND SODIUM PHOSPHATES, LEAVENING (SODIUM ACID PYROPHOSPHATE, SODIUM BICARBONATE), DEHYDRATED GARLIC, SPICES, EXTRACTIVES OF PAPRIKA AND ANNATTO.",2021-10-28,11.9972,117.0261,14.9965,219.83,0,0.979,0.0,0.7209,0.0,0.0,0.0,-0.46193523816557536,0.0,0.0,0.0,0.0,0.0,0.0,0.0,0.0,0.0,0.0,0.0,0.0,0.9968,0.0,0.3921327795278312,0.0,0.0,-0.31732331564339133,"Chicken, for use with vegetables",89901006,Chicken,41 Legumes,Proteins,1,47.9888,59.986,2.2345526289212345
51000214461,4.0,Swanson Chicken Stock,0,Canned & Packaged,32 oz,3.69,0,2237638,51000214461,240.0,ml,Herbs/Spices/Extracts,"Swanson Chicken Stock, 32 oz.","INGREDIENTS: CHICKEN STOCK, CONTAINS LESS THAN 2% OF: SALT, CARROTS, CABBAGE, CELERY, ONIONS, PARSLEY.",2022-04-01,4.008,0.0,1.008,19.2,0,0.0,9.6,0.192,0.0,0.0,160.8,-0.001093521369873841,0.0,0.0,0.0,0.0,0.0,0.0,0.0,0.0,0.0,0.0,0.0,0.0,1.008,0.0,-0.8676139933609085,0.0,0.0,-0.06815955437116876,"Chicken, chicken roll, roasted",24198670,Chicken,41 Legumes,Proteins,1,16.032,4.032,-0.7831350282881353
611443340013,4.0,Kitchen Basics Original Chicken Stock,0,Canned & Packaged,32 oz,3.49,0,2086368,611443340013,240.0,ml,Canned Soup,"CHICKEN STOCK FOR COOKING, ORIGINAL","CHICKEN STOCK, NATURAL CHICKEN FLAVOR, SEA SALT, HONEY, COOKED VEGETABLE STOCK (CELERY, CARROT, ONION), SPICE AND HERBS (BLACK PEPPER, BAY LEAF, THYME) & NATURAL FLAVOR.",2021-10-28,4.992,4.536,1.008,28.8,0,0.0,0.0,0.0,0.0,0.0,410.4,-0.31889071366200933,0.0,0.0,0.0,0.0,0.0,0.0,0.0,0.0,0.0,0.0,0.0,0.0,1.008,0.0,-0.8676139933609085,0.0,0.0,-0.31732331564339133,"Chicken, chicken roll, roasted",24198670,Chicken,41 Legumes,Proteins,1,19.968,4.032,-0.8128952615939475
11110038401,5.115,Simple Truth Organic™ Chicken & Orzo Dry Soup Mix,0,"Canned & Packaged, Natural & Organic",10.23 oz,4.99,51,1981576,11110038401,36.0,g,Other Soups,"CHICKEN & ORZO CLASSIC MEDITERRANEAN INSPIRED FLAVORS OF ORZO, LEMON & SPINACH DRY SOUP MIX, CHICKEN & ORZO","ORGANIC ORZO (ORGANIC SEMOLINA FLOUR), ORGANIC ONION, ORGANIC CARROTS, ORGANIC CORNSTARCH, POTASSIUM CHLORIDE, SALT, ORGANIC RAW CANE SUGAR, ORGANIC LEMON POWDER (ORGANIC RICE MALTODEXTRIN, ORGANIC LEMON JUICE CONCENTRATE, ORGANIC LEMON OIL), CONTAINS 2% OR LESS OF ORGANIC GARLIC, ORGANIC SPICES, ORGANIC SPINACH, ORGANIC SWEET WHEY POWDER, ORGANIC YEAST EXTRACT (ORGANIC YEAST EXTRACT, SALT), ORGANIC TURMERIC.",2021-07-29,3.9996,0.0,25.9992,119.88,0,2.016,39.96,0.9,0.0,0.0,839.88,0.07449067571582306,0.0,0.0,0.0,0.0,0.0,0.0,0.0,0.0,0.0,0.0,0.0,0.0,3.9996,0.0,-0.8676139933609085,0.0,0.0,-0.05570136630755763,"Chicken, for use with vegetables",89901006,Chicken,41 Legumes,Proteins,1,15.9984,103.9968,-0.7474227483211605
851702007367,2.1125,Kettle & Fire Turmeric Ginger Chicken Bone Broth,0,"Canned & Packaged, Natural & Organic",16.9 oz,6.99,66,1970074,851702007367,240.0,ml,Canned Soup,"TURMERIC GINGER BONE BROTH, TURMERIC GINGER","CHICKEN BONE BROTH (WATER, ORGANIC CHICKEN BONES, ORGANIC ONIONS, ORGANIC CARROTS, ORGANIC FENNEL, ORGANIC LEEKS, ORGANIC APPLE CIDER VINEGAR, ORGANIC THYME, ORGANIC SHIITAKE MUSHROOM, ORGANIC TAMARIND EXTRACT, ORGANIC BAY LEAF), ORGANIC GINGER PUREE, SEA SALT, ORGANIC TURMERIC PUREE, ORGANIC COCONUT AMINOS (ORGANIC COCONUT NECTAR, SEA SALT).",2021-07-29,10.992,0.0,1.008,50.4,0,0.96,40.8,0.0,0.0,0.0,0.0,-0.0698064278114166,0.0,0.0,0.0,0.0,0.0,0.0,0.0,0.0,0.0,0.0,0.0,0.0,1.008,0.0,-0.8676139933609085,0.0,0.0,-0.31732331564339133,"Chicken, for use with vegetables",89901006,Chicken,41 Legumes,Proteins,1,43.968,4.032,0.6394041237296938
11110086150,4.0,Simple Truth Organic® Gluten Free Free Range Chicken Stock,0,"Natural & Organic, Canned & Packaged",32 oz,2.49,0,1991407,11110086150,240.0,ml,Canned Soup,"FREE RANGE CHICKEN STOCK, FREE RANGE CHICKEN","ORGANIC CHICKEN BONE BROTH, SEA SALT, ORGANIC VEGETABLE JUICE CONCENTRATES (CARROT, ONION, CELERY), ORGANIC ONION POWDER, YEAST EXTRACT, ORGANIC MECHANICALLY SEPARATED CHICKEN, ORGANIC CANE SUGAR, ORGANIC TURMERIC (FOR COLOR), ORGANIC FLAVOR.",2021-07-29,4.008,4.536,1.008,24.0,0,0.0,40.8,0.096,0.0,0.0,79.2,-0.3876036201035521,0.0,0.0,0.0,0.0,0.0,0.0,0.0,0.0,0.0,0.0,0.0,0.0,0.0,0.0,-0.8676139933609085,0.0,0.0,-0.31732331564339133,"Chicken, for use with vegetables",89901006,Chicken,41 Legumes,Proteins,1,16.032,4.032,-0.9616964281230092
855868002013,7.75,Zoup Good Really Good Gluten Free Chicken Broth,0,"Canned & Packaged, Natural & Organic",31 fl oz,6.99,51,1858256,855868002013,125.0,g,Canned Soup,"CHICKEN BROTH, CHICKEN","WATER, CHICKEN BROTH, NATURAL FLAVOR, YEAST EXTRACT, SEA SALT",2021-07-29,1.0,0.0,0.0,3.75,0,0.0,0.0,0.0,0.0,0.0,0.0,-0.605194490501771,0.0,0.0,0.0,0.0,0.0,0.0,0.0,0.0,0.0,0.0,0.0,0.0,0.0,0.0,-0.8676139933609085,0.0,0.0,-0.31732331564339133,"Chicken, for use with vegetables",89901006,Chicken,41 Legumes,Proteins,1,4.0,0.0,-0.7950391216104603
851702007022,2.1125,Kettle & Fire Classic Chicken Bone Broth,0,"Canned & Packaged, Natural & Organic",16.9 oz,6.99,76,1965086,851702007022,245.0,g,Canned Soup,"CLASSIC CHICKEN BONE BROTH, CLASSIC CHICKEN","CHICKEN BONE BROTH (WATER, ORGANIC CHICKEN BONES, ORGANIC ONIONS, ORGANIC CARROTS, ORGANIC FENNEL, ORGANIC LEEK, ORGANIC APPLE CIDER VINEGAR, ORGANIC THYME, ORGANIC SHIITAKE MUSHROOM, ORGANIC TAMARIND PASTE, ORGANIC BAY LEAVES), VEGETABLE BROTH (ORGANIC CELERY, ORGANIC ROASTED POBLANO, ORGANIC GREEN PEPPER, ORGANIC ONION, ORGANIC CARROTS, ORGANIC GARLIC, ORGANIC SCALLIONS, ORGANIC TOMATO PUREE, ORGANIC PARSLEY, ORGANIC THYME, ORGANIC ROSEMARY, ORGANIC BASIL, ORGANIC SPICES), SEA SALT.",2021-07-29,9.996,0.0,1.0045,44.1,0,0.0,12.25,0.0,0.0,0.0,254.8,-0.7084427900246102,0.0,0.0,0.0,0.0,0.0,0.0,0.0,0.0,0.0,0.0,0.0,0.0,0.0,0.0,-0.8676139933609085,0.0,0.0,-0.31732331564339133,"Chicken, for use with vegetables",89901006,Chicken,41 Legumes,Proteins,1,39.984,4.018,0.6394041237296938
98308227717,1.0,Better Than Bouillon Reduced Sodium Roasted Chicken Base,0,Canned & Packaged,8 oz,5.49,0,2020649,98308227717,6.0,g,"Seasoning Mixes, Salts, Marinades & Tenderizers",ROASTED CHICKEN BASE,"ROASTED CHICKEN MEAT WITH NATURAL JUICES, SALT, SUGAR, MALTODEXTRIN, YEAST EXTRACT, RENDERED CHICKEN FAT, FLAVORINGS, POTATO FLOUR, TURMERIC.",2021-10-28,1.0002,4.498200000000001,1.9998,15.0,0,0.0,0.0,0.0,0.0,0.0,0.0,-0.032658512766457544,0.0,0.0,0.0,0.0,0.0,0.0,0.0,0.0,0.0,0.0,0.0,0.0,1.0002,0.0,-0.8676139933609085,0.0,0.0,-0.31732331564339133,"Chicken, for use with vegetables",89901006,Chicken,41 Legumes,Proteins,1,4.0008,7.9992,1.936950295863111
11110086044,4.0,Simple Truth Organic® Fat Free Free Range Chicken Broth,0,"Canned & Packaged, Natural & Organic",32 oz,1.99,0,1993647,11110086044,240.0,ml,Canned Soup,"FREE RANGE CHICKEN FAT FREE BROTH, FREE RANGE CHICKEN","ORGANIC CHICKEN BROTH, SEA SALT, ORGANIC ONION POWDER, YEAST EXTRACT, ORGANIC OLIVE OIL, ORGANIC FLAVOR, ORGANIC GARLIC POWDER, ORGANIC TURMERIC (COLOR).",2021-07-29,1.008,0.0,0.0,4.8,0,0.0,40.8,0.0,0.0,0.0,9.6,-0.13851933425295956,0.0,0.0,0.0,0.0,0.0,0.0,0.0,0.0,0.0,0.0,0.0,0.0,0.0,0.0,-0.8676139933609085,0.0,0.0,-0.31732331564339133,"Chicken, for use with vegetables",89901006,Chicken,41 Legumes,Proteins,1,4.032,0.0,-1.0331209880569587
41000003011,2.0,Lipton® Soup Secrets Instant Extra Noodle Soup Mix with Real Chicken Broth,0,Canned & Packaged,2 ct / 2.45 oz,2.29,44,2029317,41000003011,23.0,g,Other Soups,"EXTRA NOODLE SOUP MIX WITH REAL CHICKEN FLAVOR BROTH, EXTRA NOODLE WITH REAL CHICKEN","WHEAT FLOUR, MALTODEXTRIN, SALT, EGG, CORN SYRUP SOLIDS, CHICKEN FAT, MONOSODIUM GLUTAMATE, CONTAINS 2% OR LESS OF EACH OF THE FOLLOWING: CHICKEN POWDER, HYDROLYZED SOY PROTEIN, CORNSTARCH, DISODIUM GUANYLATE, DISODIUM INOSINATE, NATURAL FLAVORS, YEAST EXTRACT, PARSLEY, CHICKEN BROTH, TURMERIC (FOR COLOR), SPICES, HYDROLYZED CORN PROTEIN, HYDROLYZED WHEAT PROTEIN, VITAMINS AND MINERALS: NIACIN, FERROUS SULFATE (IRON), THIAMIN MONONITRATE (VITAMIN B1), RIBOFLAVIN (VITAMIN B2), FOLIC ACID.",2021-10-28,2.9992,13.496400000000001,15.0006,80.04,0,0.0,0.0,0.6003,0.0,0.0,0.0,0.5757728009901409,0.0,0.0,0.0,0.0,0.0,0.0,0.0,0.0,0.0,0.0,0.0,0.0,1.0005,0.0,-0.8676139933609085,0.0,0.0,-0.06063273241607037,"Chicken, for use with vegetables",89901006,Chicken,41 Legumes,Proteins,1,11.9968,60.0024,-0.6521900017425611
851702007176,4.0,Kettle & Fire Low Sodium Chicken Cooking Broth with Free-Range Chicken Bones,0,"Natural & Organic, Canned & Packaged",32 oz,4.99,0,2182025,851702007176,245.0,g,Canned Soup,"CHICKEN LOW SODIUM BROTH, CHICKEN","ORGANIC CHICKEN BONE BROTH (WATER, ORGANIC CHICKEN BONES, ORGANIC ONIONS, ORGANIC CARROTS, ORGANIC FENNEL, ORGANIC LEEKS, ORGANIC APPLE CIDER VINEGAR, ORGANIC THYME, ORGANIC SHIITAKE MUSHROOMS, ORGANIC TAMARIND EXTRACT, ORGANIC BAY LEAVES), ORGANIC TOMATO PASTE, ORGANIC MUSHROOM EXTRACT (ORGANIC MUSHROOMS), SEA SALT.",2021-10-28,2.009,0.0,0.0,9.8,0,0.0,29.4,0.0,0.0,0.0,58.8,-1.3397426179562846,0.0,0.0,0.0,0.0,0.0,0.0,0.0,0.0,0.0,0.0,0.0,0.0,0.0,0.0,-0.8676139933609085,0.0,0.0,-0.31732331564339133,"Chicken, for use with vegetables",89901006,Chicken,41 Legumes,Proteins,1,8.036,0.0,-0.586717488469774
44700079195,4.0,Oscar Mayer™ Deli Fresh Blackened Chicken Breast,0,Meat & Seafood,8 oz,4.79,58,1593129,44700079195,56.0,g,"Pepperoni, Salami & Cold Cuts","BLACKENED CHICKEN BREAST, BLACKENED","CHICKEN BREAST, WATER, CONTAINS LESS THAN 2% OF VINEGAR, MODIFIED CORNSTARCH, SALT, CULTURED DEXTROSE*, SUGAR, SODIUM PHOSPHATES, CARRAGEENAN; COATED WITH SPICES, CAYENNE PEPPER, DRIED RED BELL PEPPER, OREGANO, THYME, BASIL, PAPRIKA, MINCED GARLIC, SALT, NATURAL FLAVORS, CARAMEL COLOR.",2021-03-19,8.9992,13.5072,1.0024,49.84,0,0.0,0.0,0.3584,0.0,0.0,0.0,-0.032300633045407964,0.0,0.0,0.0,0.0,0.0,0.0,0.0,0.0,0.0,0.0,0.0,0.0,1.0024,0.0,-0.8676139933609085,0.0,0.0,-0.31732331564339133,"Chicken, prepackaged or deli, luncheon meat",25230320,Chicken,41 Legumes,Proteins,1,35.9968,4.0096,-0.6164777217755864
23700038234,2.5,Tyson® Canned Fully Cooked Premium Chunk White Chicken Breast,0,Canned & Packaged,12.5 oz,3.99,69,2108369,23700038234,56.0,g,Canned Meat,"TYSON, PREMIUM CHUNK WHITE CHICKEN","CHUNK WHITE CHICKEN, WATER, CONTAINS 2% OR LESS OF: SALT, MODIFIED FOOD STARCH, SODIUM PHOSPHATES, CHICKEN BROTH, FLAVORINGS.",2021-10-28,12.9976,9.0216,0.0,59.92,0,0.0,0.0,0.3584,0.0,0.0,0.0,-0.7477737713679723,0.0,0.0,0.0,0.0,0.0,0.0,0.0,0.0,0.0,0.0,0.0,0.0,0.0,0.0,-0.8676139933609085,0.0,0.0,-0.31732331564339133,"Chicken, for use with vegetables",89901006,Chicken,41 Legumes,Proteins,1,51.9904,0.0,-0.37839585532908765
51000233554,7.0,Swanson® White Premium Chunk Canned Chicken Breast,0,Canned & Packaged,2 ct / 12.5 oz,7.49,71,1461900,51000233554,85.0,g,Meat/Poultry/Other Animals  Prepared/Processed,SWANSON MEAT WHITE CHICKEN,"INGREDIENTS: WHITE CHICKEN BREAST WITH RIB MEAT, WATER, CONTAINS LESS THAN 2% OF: SALT, MODIFIED FOOD STARCH, RICE STARCH, SODIUM PHOSPHATE.",2021-03-19,15.0025,13.464,1.003,79.9,0,0.0,0.0,0.2975,0.0,0.0,149.6,-0.4257178103953455,0.0,0.0,0.0,0.0,0.0,0.0,0.0,0.0,0.0,0.0,0.0,0.0,0.0,0.0,-0.6149997318535699,0.0,0.0,-0.31732331564339133,"Chicken, canned, meat only",24198570,Chicken,41 Legumes,Proteins,1,60.01,4.012,-0.6938543283706983
11110083326,6.333333333,Simple Truth Organic® Whole Grain Chicken Chunks,0,"Frozen, Natural & Organic",19 oz,8.99,67,2256656,11110083326,84.0,g,Frozen Appetizers & Hors D'oeuvres,"WHOLE GRAIN CHICKEN CHUNKS BREADED CHUNK-SHAPED CHICKEN BREAST PATTIES, WHOLE GRAIN CHICKEN CHUNKS","ORGANIC CHICKEN BREAST, WHOLE GRAIN BREADER (ORGANIC WHOLE WHEAT FLOUR, ORGANIC WHEAT FLOUR, SEA SALT, ORGANIC SPICES, ORGANIC GARLIC POWDER, LESS THAN 2% ORGANIC SOYBEAN OIL), WATER, ORGANIC WHOLE GRAIN PREDUST AND BATTER (ORGANIC WHEAT FLOUR, SEA SALT, ORGANIC WHEAT GLUTEN, ORGANIC SPICES INCLUDING ORGANIC CELERY, ORGANIC GARLIC POWDER, ORGANIC ONION POWDER), SALT. BREADING SET IN ORGANIC CANOLA OIL.",2022-04-01,15.0024,71.97120000000001,12.0036,169.68,0,0.0,0.0,0.3612,0.0,0.0,0.0,-0.5684044551778618,0.0,0.0,0.0,0.0,0.0,0.0,0.0,0.0,0.0,0.0,0.0,0.0,0.0,0.0,-0.11022455447270468,0.0,0.0,-0.31732331564339133,"Chicken, for use with vegetables",89901006,Chicken,41 Legumes,Proteins,1,60.0096,48.0144,-0.48553269523001213
82988040087,2.0,White Castle Chicken Breast Sliders,0,Frozen,2 ct / 5.22 oz,5.19,50,2037734,82988040087,148.0,g,Frozen Appetizers & Hors D'oeuvres,"CHICKEN BREAST SLIDERS, CHICKEN BREAST","FULLY COOKED CHICKEN BREAST FILET FRITTERS WITH RIB MEAT: BONELESS SKINLESS CHICKEN BREAST FILLETS WITH RIB MEAT, WATER, SEASONING (MODIFIED FOOD STARCH, SODIUM PHOSPHATES, CARRAGEENAN, SODIUM CITRATE, CITRIC ACID), SALT. BATTERED, BREADED AND PREDUSTED WITH: ENRICHED BLEACHED WHEAT FLOUR (ENRICHED WITH NIACIN, REDUCED IRON, THIAMINE MONONITRATE, RIBOFLAVIN, FOLIC ACID), WATER, MODIFIED CORN STARCH, SALT, YELLOW CORN FLOUR, WHEY, SPICE, SOYBEAN OIL (AS A PROCESSING AID), LEAVENING (SODIUM BICARBONATE, SODIUM ALUMINUM PHOSPHATE), WHEAT GLUTEN, CARAMEL COLOR, DEXTROSE, GARLIC POWDER, EXTRACTIVES OF PAPRIKA, SUGAR, YEAST, SPICE EXTRACTIVES. BREADING SET IN VEGETABLE OIL. BUN: ENRICHED BLEACHED WHEAT FLOUR (WHEAT FLOUR, MALTED BARLEY FLOUR, NIACIN, IRON, THIAMINE MONONITRATE, RIBOFLAVIN, FOLIC ACID), WATER, SUGAR, SOYBEAN OIL, CONTAINS 2% OR LESS: YEAST, SALT, VITAL WHEAT GLUTEN, MONO-AND DIGLYCERIDES, CORN STARCH, CALCIUM STEAROYL LACTYLATE (CSL), OAT FIBER, CORN SYRUP SOLIDS, GUAR GUM, SODIUM ALGINATE, MONOCALCIUM PHOSPHATE, ENZYMES, XANTHAN GUM, ASCORBIC ACID (VITAMIN C).",2021-10-28,19.0032,80.9856,44.0004,330.04,0,2.072,28.12,3.0044,0.0,0.0,284.16,1.218274264190671,0.0,0.0,0.0,0.0,0.0,0.0,0.0,0.0,0.0,0.0,0.0,0.0,3.0044,0.0,0.13881331370122985,0.0,0.0,0.22045513576915576,"Chicken, for use with vegetables",89901006,Chicken,41 Legumes,Proteins,1,76.0128,176.0016,0.2168088107871588
11110839541,2.5,Kroger® Chunk Chicken in Water,0,Canned & Packaged,5 oz,1.99,70,2026587,11110839541,56.0,g,Canned Meat,CHUNK CHICKEN IN WATER,"CHICKEN, WATER, CONTAINS 2% OR LESS OF SALT, MODIFIED CORN STARCH, SODIUM PHOSPHATE.",2021-10-28,12.0008,13.5072,0.0,59.92,0,0.0,0.0,0.3584,0.0,0.0,0.0,-1.1425866796300035,0.0,0.0,0.0,0.0,0.0,0.0,0.0,0.0,0.0,0.0,0.0,0.0,0.0,0.0,-0.6165612557033662,0.0,0.0,-0.31732331564339133,"Chicken, for use with vegetables",89901006,Chicken,41 Legumes,Proteins,1,48.0032,0.0,-0.8545595882220849
28989101082,3.5,MorningStar Farms Meatless Chicken Nuggets Original,0,Frozen,10.5 oz,4.29,0,2111082,28989101082,86.0,g,Vegetarian Frozen Meats,"VEGGIE CHIK'N VEGAN NUGGETS, VEGGIE CHIK'N","WATER, WHEAT FLOUR, SOY FLOUR, VEGETABLE OIL (CORN, CANOLA AND/OR SUNFLOWER OIL), SOY PROTEIN ISOLATE. CONTAINS 2% OR LESS OF WHEAT GLUTEN, WHEAT STARCH, YELLOW CORN FLOUR, METHYLCELLULOSE, POTATO STARCH, CORNSTARCH, YEAST EXTRACT, SUGAR, SALT, NATURAL FLAVORS, DEXTROSE, SPICES, ONION POWDER, YEAST, POTASSIUM CHLORIDE, GLUTAMIC ACID, PAPRIKA (COLOR), LEAVENING (SODIUM ACID PYROPHOSPHATE, SODIUM BICARBONATE), GARLIC POWDER, CITRIC ACID, XANTHAN GUM, BARLEY MALT EXTRACT.",2021-10-28,11.997,81.0378,20.0036,200.38,0,3.01,30.1,1.7028,0.0,0.0,360.34,-0.4985463336289597,0.0,0.0,0.0,0.0,0.0,0.0,0.0,0.0,0.0,0.0,0.0,0.0,2.0038,0.0,-0.11385131954319892,0.0,0.0,-0.04947227227575206,"Chicken, meatless, NFS",41810600,Chicken,41 Legumes,Proteins,1,47.988,80.0144,-0.5986215817920989
77400127538,1.0,Buddig Deli Thin Chicken,0,Meat & Seafood,2 oz,0.79,51,2018544,77400127538,56.0,g,"Pepperoni, Salami & Cold Cuts","CHICKEN SMOKED, CHOPPED, PRESSED SANDWICHES, CHICKEN","MECHANICALLY SEPARATED CHICKEN, CHICKEN, CHICKEN BROTH, SALT. LESS THAN 2% OF: MODIFIED FOOD STARCH, DEXTROSE, POTASSIUM LACTATE, CARRAGEENAN, SODIUM PHOSPHATE, AUTOLYZED YEAST EXTRACT, SODIUM ERYTHORBATE, SODIUM DIACETATE, NATURAL FLAVORING, SODIUM NITRITE, TURMERIC, CULTURED CELERY POWDER, VINEGAR.",2021-10-28,8.9992,45.0072,1.9992,90.16,0,0.0,0.0,0.7224,0.0,0.0,0.0,0.07391806816214365,0.0,0.0,0.0,0.0,0.0,0.0,0.0,0.0,0.0,0.0,0.0,0.0,1.0024,0.0,-0.11163496311123026,0.0,0.0,-0.31732331564339133,"Chicken, for use with vegetables",89901006,Chicken,41 Legumes,Proteins,1,35.9968,7.9968,-0.8605116348832473
28989102850,1.0,MorningStar Farms Veggitizers Plant-Protein Original Meatless Popcorn Chicken,0,Frozen,8 oz,4.29,54,2142501,28989102850,84.0,g,Frozen Appetizers & Hors D'oeuvres,"BITE-SIZE VEGGIE POPCORN CHIK'N, POPCORN CHIK'N","WATER, WHEAT FLOUR, SOY PROTEIN CONCENTRATE, VEGETABLE OIL (CORN, CANOLA AND/OR SUNFLOWER OIL), SOY PROTEIN ISOLATE, YELLOW CORN FLOUR. CONTAINS 2% OR LESS OF WHEAT STARCH, WHEAT GLUTEN, METHYLCELLULOSE, YEAST EXTRACT, SUGAR, POTATO STARCH, CORNSTARCH, SALT, SPICES, NATURAL FLAVORS, ONION POWDER , DEXTROSE, YEAST, PAPRIKA (COLOR), LEAVENING (SODIUM ACID PYROPHOSPHATE , SODIUM BICARBONATE), POTASSIUM CHLORIDE, GLUTAMIC ACID, GARLIC POWDER, SODIUM GLUCONATE, CITRIC ACID, XANTHAN GUM.",2021-10-28,30.996,71.97120000000001,22.9992,199.92,0,3.024,50.4,1.596,0.0,0.0,409.92,-0.46318781718924923,0.0,0.0,0.0,0.0,0.0,0.0,0.0,0.0,0.0,0.0,0.0,0.0,2.9988,0.0,-0.36409810940729814,0.0,0.0,0.4675425323641098,"Chicken, meatless, NFS",41810600,Chicken,41 Legumes,Proteins,1,123.984,91.9968,1.2227046965236152
764014882020,4.0,Aidells® All Natural Fully Cooked Teriyaki & Pineapple Chicken Meatballs,0,Meat & Seafood,12 oz,6.49,52,1927175,764014882020,64.0,g,"Bacon, Sausages & Ribs","AIDELLS, CHICKEN MEATBALLS, TERIYAKI & PINEAPPLE, TERIYAKI & PINEAPPLE","CHICKEN, DRIED PINEAPPLE (PINEAPPLE, CANE SUGAR), DEHYDRATED SUGARCANE SYRUP, SOY SAUCE POWDER [SOY SAUCE (SOY BEANS, SALT AND WHEAT), MALTODEXTRIN], VINEGAR, GARLIC, SALT, MISO POWDER (SOYBEANS AND SALT), GINGER, AND SPICES, BROWNED IN VEGETABLE OIL.",2021-07-29,9.9968,80.9856,3.0016,140.16,0,0.0,39.68,0.7168,0.0,0.0,0.0,-0.31946332121568893,0.0,0.0,0.0,0.0,0.0,0.0,0.0,0.0,0.0,0.0,0.0,0.0,3.0016,0.0,0.644344067138448,0.0,0.0,-0.31732331564339133,"Chicken, for use with vegetables",89901006,Chicken,41 Legumes,Proteins,1,39.9872,12.0064,-0.3664917620067627
895334001089,3.2,Jack Daniel's Seasoned & Cooked White Meat Pulled Chicken,0,Meat & Seafood,16 oz,8.99,56,2081127,895334001089,140.0,g,Cooked & Prepared,SEASONED & COOKED WHITE MEAT PULLED CHICKEN,"BONELESS SKINLESS CHICKEN BREAST WITH RIB MEAT, WATER, CONTAINS 2% OR LESS OF SALT, PAPRIKA, SUGAR, CARAMEL COLOR, GRANULATED GARLIC, GRANULATED ONION, CAYENNE PEPPER, GREEN BELL PEPPER, CELERY SEED, MOLASSES POWDER (REFINERY SYRUP, CANE MOLASSES, CANE CARAMEL COLOR), BLACK PEPPE; BBQ SAUCE: SUGAR, WATER, APPLE CIDER VINEGAR, ONION, MOLASSES, SOY SAUCE (WATER, WHEAT, SOYBEANS, SALT), TOMATO PASTE (TOMATOES), CORNSTARCH, VINEGAR, SOYBEAN OIL, GARLIC, JACK DANIEL'S TENNESSEE WHISKEY, SALT, WORCESTERSHIRE POWDER (MALTODEXTRIN, WORCESTERSHIRE SAUCE (DISTILLED VINEGAR, MOLASSES, CORN SYRUP, SALT, CARAMEL COLOR, GARLIC POWDER, SUGAR, SPICES, TAMARIND, NATURAL FLAVOR AND SULFITING AGENTS (CONTAINS SULFITES)) AND SILICON DIOXIDE), LEMON JUICE, DARK CHILI PEPPER, PAPRIKA, CARAMEL COLOR, BLACK PEPPER, CAYENNE PEPPER.",2021-10-28,21.0,26.964,27.006,219.8,0,0.0,19.6,1.078,0.0,0.0,0.0,0.07692425781896126,0.0,99.4,0.0,0.0,0.0,1.26,0.0,0.0,0.0,0.0,0.0,0.0,25.004,0.0,-0.3669189266843492,0.0,0.0,-0.31732331564339133,"Chicken, for use with vegetables",89901006,Chicken,41 Legumes,Proteins,1,84.0,108.024,0.34180179067157057
72655001084,1.0,Healthy Choice Simply Steamers Grilled Chicken Marsala,0,Frozen,9.9 oz,3.79,61,2115369,72655001084,280.0,g,Frozen Dinners & Entrees,"GRILLED CHICKEN MARSALA CHICKEN BREAST WITH RUSSET POTATOES, WHOLE GREEN BEANS, MUSHROOMS AND ONIONS IN A MARSALA WINE SAUCE, GRILLED CHICKEN MARSALA","VEGETABLES (RUSSET POTATOES, WHOLE GREEN BEANS, MUSHROOMS, ONIONS). MARSALA WINE SAUCE (WATER, MARSALA WINE, ONIONS, CORN STARCH, CONTAINS 2% OR LESS OF: CREAM, MOLASSES, CHARDONNAY WINE, GARLIC, BASIL, SALT, POTASSIUM CHLORIDE, CHICKEN GLACE [CHICKEN BROTH, COOKED CHICKEN, CHICKEN FAT, SALT, NATURAL FLAVORINGS], CANOLA OIL, BUTTER [CREAM, SALT], OLIVE OIL, LOCUST BEAN GUM, MUSHROOM POWDER, BLACK PEPPER). SEASONED COOKED CHICKEN (CHICKEN BREAST, WATER, SUGAR, SEA SALT, OLIVE OIL, ISOLATED SOY PROTEIN, SOY FIBER, RICE STARCH, NATURAL FLAVORING).",2021-10-28,16.996,26.964,21.0,179.2,0,3.92,39.2,1.008,0.0,0.0,1209.6,-0.17860186301052616,0.0,0.0,0.0,0.0,0.0,5.88,0.0,0.0,0.0,0.0,0.0,0.0,4.004,0.0,-0.35986688349172163,0.0,0.0,0.19138603028739642,"Chicken, for use with vegetables",89901006,Chicken,41 Legumes,Proteins,1,67.984,84.0,0.9251023634654921
21131506636,1.0,Marie Callender's Grilled Chicken Alfredo Bake Bowl,0,"Frozen, Frozen",11.6 oz,2.99,55,2150675,21131506636,329.0,g,Frozen Dinners & Entrees,"GRILLED CHICKEN ALFREDO BAKE CHICKEN BREAST WITH FRESHLY MADE PASTA AND VEGETABLES IN A CREAMY FOUR CHEESE ALFREDO SAUCE BOWL, GRILLED CHICKEN ALFREDO BAKE","COOKED ENRICHED PASTA (WATER, ENRICHED WHEAT FLOUR [DURUM WHEAT SEMOLINA, NIACIN, FERROUS SULFATE {IRON}, THIAMINE MONONITRATE, RIBOFLAVIN, FOLIC ACID], SOYBEAN OIL, DRIED EGG WHITES), SAUCE (WATER, CREAM, PART SKIM MOZZARELLA CHEESE [PASTEURIZED PART SKIM MILK, SKIM MILK, SALT, CULTURES, ENZYMES], SOYBEAN OIL, SHERRY WINE, NONFAT DRY MILK, PARMESAN CHEESE [PART-SKIM MILK, CHEESE CULTURE, SALT, ENZYMES], VERMONT WHITE CHEDDAR CHEESE [CHEDDAR CHEESE {PASTEURIZED MILK, CHEESE CULTURE, SALT, ENZYMES}, POTATO STARCH, NATAMYCIN*], CONTAINS 2% OR LESS OF: ROMANO CHEESE FROM COW'S MILK [CULTURED PART-SKIM MILK, SALT, ENZYMES], MODIFIED CORN STARCH, SALT, CHEDDAR AND ROMANO CHEESE FLAVOR [CHEDDAR AND ROMANO CHEESE {PASTEURIZED MILK, CULTURES, SALT, ENZYMES}, WATER, NATURAL FLAVORS, SODIUM PHOSPHATE, SALT, SODIUM CITRATE, XANTHAN GUM], MODIFIED RICE STARCH, PARMESAN CHEESE FLAVOR [PARMESAN CHEESE {PASTEURIZED MILK, CULTURES, SALT, ENZYMES}, WATER, SALT, DISODIUM PHOSPHATE, SODIUM CITRATE], ENZYME MODIFIED CREAM [CREAM, WATER, SALT], GELATIN, XANTHAN GUM, GUAR GUM, FLAVORING), COOKED CHICKEN (CHICKEN BREAST, WATER, OLIVE OIL, ISOLATED SOY PROTEIN PRODUCT [ISOLATED SOY PROTEIN, MODIFIED POTATO STARCH, CORN STARCH, CARRAGEENAN, SOY LECITHIN], DEXTROSE, POTASSIUM CHLORIDE, SALT, SODIUM PHOSPHATE, FLAVORING), BROCCOLI, CARROTS, RED BELL PEPPERS.",2021-10-28,23.9841,143.9046,37.0125,391.51,0,3.948,180.95,2.4017,0.0,0.0,720.51,1.0038327353376897,0.0,0.0,0.0,0.0,0.0,0.0,0.0,0.0,0.0,0.0,0.0,0.0,5.9878,0.0,1.6513758350456689,0.0,0.0,-0.061151823585387496,"Chicken, for use with vegetables",89901006,Chicken,41 Legumes,Proteins,1,95.9364,148.05,0.448938630572495
21131301354,1.0,Marie Callender’s Grilled Chicken Pesto Cavatelli Bowl,0,"Frozen, Frozen",11 oz,2.99,49,2150670,21131301354,312.0,g,Frozen Dinners & Entrees,"GRILLED CHICKEN PESTO CAVATELLI BOWL CHICKEN BREAST OVER CAVATELLI PASTA TOPPED WITH CREAMY PESTO SAUCE AND CHERRY TOMATOES, GRILLED CHICKEN PESTO CAVATELLI","COOKED ENRICHED PASTA (WATER, ENRICHED PASTA [DURUM WHEAT SEMOLINA, NIACIN, FERROUS SULFATE {IRON}, THIAMINE MONONITRATE, RIBOFLAVIN, FOLIC ACID], SOYBEAN OIL), SAUCE (WATER, BASIL, PARMESAN CHEESE [PASTEURIZED MILK, CHEESE CULTURES, SALT, ENZYMES], ROMANO CHEESE FROM COW'S MILK [CULTURED PART-SKIM MILK, SALT, ENZYMES], CREAM, MODIFIED CORN STARCH, SALT, FLAVORING, BUTTER [CREAM, SALT], LOCUST BEAN GUM), COOKED CHICKEN (CHICKEN BREAST, WATER, OLIVE OIL, ISOLATED SOY PROTEIN PRODUCT [ISOLATED SOY PROTEIN, MODIFIED POTATO STARCH, CORN STARCH, CARRAGEENAN, SOY LECITHIN], DEXTROSE, POTASSIUM CHLORIDE, SALT, SODIUM PHOSPHATE, FLAVORING), CHERRY TOMATOES.",2021-10-28,25.9896,80.8704,44.9904,371.28,0,3.12,131.04,2.4024,0.0,0.0,599.04,1.326783395612941,0.0,0.0,0.0,0.0,0.0,0.0,0.0,0.0,0.0,0.0,0.0,0.0,2.9952,0.0,0.8925759875189395,0.0,0.0,-0.07438864840297431,"Chicken, for use with vegetables",89901006,Chicken,41 Legumes,Proteins,1,103.9584,179.9616,0.448938630572495
13800512864,1.0,Lean Cuisine Bowls Oven Fried Chicken with Mashed Potatoes Frozen Meal,0,Frozen,10.5 oz,3.99,0,1995935,13800512864,297.0,g,Frozen Dinners & Entrees,"OVEN FRIED CHICKEN WITH MASHED POTATOES BREADED WHITE MEAT CHICKEN WITH CREAMY MASHED POTATOES, SAVORY GRAVY & SWEET CORN, OVEN FRIED CHICKEN WITH MASHED POTATOES","POTATOES, WATER, OVEN FRIED BREADED CHICKEN BREAST WITH RIB MEAT (CHICKEN BREAST WITH RIB MEAT, WHEAT FLOUR, WATER, SOYBEAN OIL, RICE FLOUR, MODIFIED WHEAT STARCH, 2% OR LESS OF MODIFIED CORNSTARCH, SALT, TAPIOCA DEXTRIN, SUGAR, MODIFIED TAPIOCA STARCH, WHEAT GLUTEN, PALM OIL, LEAVENING [SODIUM ACID PYROPHOSPHATE, BAKING SODA], GARLIC POWDER, ONION POWDER, CELERY SEED, MALTODEXTRIN, NATURAL FLAVOR, SODIUM PHOSPHATE, CHICKEN FLAVOR [CHICKEN BROTH, FLAVOR, SALT], YEAST, PAPRIKA AND ANNATTO EXTRACTS), CORN, SKIM MILK, 2% OR LESS OF CREAM, ONIONS, BUTTER (CREAM, SALT), MODIFIED CORNSTARCH, SOYBEAN OIL, SEASONING (MALTODEXTRIN, SALT, FLAVORING, CHICKEN FAT, SODIUM LACTATE, DRIED CHICKEN BROTH, AUTOLYZED YEAST EXTRACT, GUM ACACIA, SESAME OIL, 2% OR LESS OF CITRIC ACID, LACTIC ACID, CANOLA LECITHIN, POTASSIUM PHOSPHATE, POTATO MALTODEXTRIN, SODIUM CITRATE, SODIUM PHOSPHATES), SALT, BLEACHED WHEAT FLOUR, MODIFIED TAPIOCA STARCH, SPICES, SEASONING (WHEAT STARCH, TURMERIC & ANNATTO EXTRACTS, NATURAL FLAVOR), AUTOLYZED YEAST EXTRACT, MALTODEXTRIN, CARAMEL COLOR, CARRAGEENAN, POTASSIUM CHLORIDE, NATURAL FLAVORS, CULTURED WHEY, ANNATTO AND TURMERIC.",2021-07-29,13.9887,80.9919,37.9863,291.06,0,2.079,29.7,0.891,0.0,0.0,599.94,1.0053358301660982,0.0,0.0,0.0,0.0,0.0,0.0,0.0,0.0,0.0,0.0,0.0,0.0,5.9994,0.0,0.8977139047021395,0.0,0.0,-0.31732331564339133,"Chicken, fried, with potatoes, vegetable, frozen meal",28140710,Chicken,41 Legumes,Proteins,1,55.9548,151.9452,1.0441432966887414
842234001398,4.0,Gardein Meat-Free Crispy Chick'n Sliders,0,Frozen,4 ct / 2.83 oz,4.49,53,2037806,842234001398,80.0,g,Vegetarian Frozen Meats,"CRISPY PLANT-BASED CHICK'N SLIDERS, CRISPY","WATER, ENRICHED WHEAT FLOUR (WHEAT FLOUR, NIACIN, FERROUS SULFATE, THIAMINE MONONITRATE, RIBOFLAVIN, FOLIC ACID), WHOLE WHEAT FLOUR, SOY PROTEIN ISOLATE, CANOLA OIL, VITAL WHEAT GLUTEN, SUGAR, RICE FLOUR, 2% OR LESS OF: PALM OIL, SALT, WHEAT GLUTEN, METHYLCELLULOSE, TAPIOCA STARCH, YEAST, OAT FIBER, SUNFLOWER OIL, CULTURED CORN SYRUP SOLIDS, CITRIC ACID, SPICES, SOYBEAN OIL, ASCORBIC ACID, ANCIENT GRAIN FLOUR (KHORASAN WHEAT), ENZYMES, POTATO STARCH, NATURAL FLAVOR, YEAST EXTRACT, TITANIUM DIOXIDE (COLOR), LEAVENING (SODIUM ACID PYROPHOSPHATE, SODIUM BICARBONATE), GARLIC POWDER, ONION POWDER, BARLEY FLOUR, LACTIC ACID.",2021-10-28,9.0,54.0,25.0,190.4,0,2.0,0.0,1.8,0.0,0.0,0.0,-0.6767704347117114,0.0,0.0,0.0,0.0,0.0,0.0,0.0,0.0,0.0,0.0,0.0,0.0,3.0,0.0,-0.3638966224589374,0.0,0.0,0.4716952617186469,"Chicken, for use with vegetables",89901006,Chicken,41 Legumes,Proteins,1,36.0,100.0,-0.6640940950648859
27815001190,1.0,Eckrich Olive Loaf Packaged Deli Meat,0,Meat & Seafood,7 oz,2.29,40,2020006,27815001190,28.0,g,"Pepperoni, Salami & Cold Cuts","OLIVE LOAF, OLIVE","MECHANICALLY SEPARATED CHICKEN, WATER, PORK, OLIVES (OLIVES STUFFED WITH MINCED PIMENTO [CONTAINS SODIUM ALGINATE, GUAR GUM, CALCIUM CHLORIDE], WATER, SALT, LACTIC ACID), NONFAT DRY MILK, MODIFIED FOOD STARCH, SWEET RED PEPPERS, CORN SYRUP, SALT, CONTAINS 2% OR LESS OF BEEF, AUTOLYZED YEAST EXTRACT, DEXTROSE, FLAVORINGS, POTASSIUM LACTATE, SODIUM DIACETATE, SODIUM LACTATE, SODIUM NITRITE, SODIUM PHOSPHATES, VITAMIN C (ASCORBIC ACID).",2021-10-28,2.9988,45.0072,4.0012,70.0,0,0.0,40.04,0.3612,0.0,0.0,0.0,-0.7487758345869115,0.0,0.0,0.0,0.0,0.0,0.0,0.0,0.0,0.0,0.0,0.0,0.0,1.9992,0.0,0.13941777454631224,0.0,0.0,-0.31732331564339133,"Chicken, for use with vegetables",89901006,Chicken,41 Legumes,Proteins,1,11.9952,16.0048,0.032295364291122376
41196492323,1.75,Progresso Organic Chicken & Wild Rice Soup,0,"Natural & Organic, Canned & Packaged",14 oz,4.29,53,1664278,41196492323,244.0,g,Canned Soup,"CHICKEN & WILD RICE SOUP, CHICKEN & WILD RICE","CHICKEN BROTH (WATER, CHICKEN STOCK, SEA SALT)*, CARROTS*, COOKED WHITE CHICKEN MEAT*, CELERY*, WILD RICE*, RICE*. CONTAINS LESS THAN 2% OF: CORN STARCH*, SEA SALT, WATER, CHICKEN FAT*, CHICKEN FLAVOR (CHICKEN FLAVOR, SEA SALT)*, CARROT PUREE*, TAPIOCA STARCH*, ONION POWDER*, ONION*, NATURAL FLAVOR*, BLACK PEPPER*, CHIVES*, YEAST EXTRACT, GARLIC POWDER*, CANE SUGAR*, TURMERIC*, PARSLEY FLAKES*, TOMATO PASTE*, NATURAL FLAVOR, THYME*, ROSEMARY*, CARROT POWDER*, POTATO FLOUR*, CANOLA OIL*.",2021-03-19,4.0016,13.3956,12.0048,80.52,0,0.976,0.0,0.488,0.0,0.0,139.08,0.6143164469471938,0.0,0.0,0.0,0.0,0.0,0.0,0.0,0.0,0.0,0.0,0.0,0.0,1.0004,0.0,-0.8676139933609085,0.0,0.0,-0.31732331564339133,"Chicken, chicken roll, roasted",24198670,Chicken,41 Legumes,Proteins,1,16.0064,48.0192,0.1275281108697219
72655454415,1.0,Healthy Choice Cafe Steamers Sweet & Sour Chicken,0,Frozen,10 oz,3.79,46,2115565,72655454415,283.0,g,Frozen Dinners & Entrees,"SWEET & SOUR CHICKEN WHITE MEAT CHICKEN FRITTERS WITH RICE, BELL PEPPERS, ONIONS AND PINEAPPLE IN A SWEET AND SOUR SAUCE, SWEET & SOUR CHICKEN","COOKED RICE (WATER, WHITE RICE), TEMPURA WHITE MEAT CHICKEN FRITTER (WHITE MEAT CHICKEN, BATTER [WATER, BLEACHED WHEAT FLOUR, YELLOW CORN FLOUR, LEAVENING {SODIUM BICARBONATE, SODIUM ALUMINUM PHOSPHATE}, WHEY, SALT, EGGS, GUAR GUM], BREADER [ENRICHED WHEAT FLOUR {ENRICHED WITH NIACIN, FERROUS SULFATE (IRON), THIAMINE MONONITRATE, RIBOFLAVIN, FOLIC ACID}, SOYBEAN OIL, SALT, NATURAL FLAVOR], WATER, MODIFIED CORN STARCH, SALT, SODIUM PHOSPHATES, FRIED IN VEGETABLE OIL), WATER, RED AND GREEN BELL PEPPERS, SUGAR, ONIONS, PINEAPPLE, PINEAPPLE JUICE CONCENTRATE, CONTAINS 2% OR LESS OF: RICE VINEGAR, MODIFIED CORN STARCH, SOY SAUCE (WATER, WHEAT, SOYBEANS, SALT, ALCOHOL, VINEGAR, LACTIC ACID), GARLIC, TOMATO PASTE, SALT, COOKING WINE (WHITE WINE, NATURAL FLAVOR, SALT), GINGER, CANOLA OIL, CHILI PASTE (RED CHILI PEPPERS, DISTILLED VINEGAR, SALT, XANTHAN GUM).",2021-10-28,11.9992,80.99459999999999,62.9958,390.54,0,3.113,0.0,1.3018,0.0,0.0,299.98,0.14284570243631622,0.0,0.0,0.0,0.0,0.0,5.943,0.0,0.0,0.0,0.0,0.0,0.0,21.9891,0.0,0.14450531999242217,0.0,0.0,5.118080318276282,"Chicken, for use with vegetables",89901006,Chicken,41 Legumes,Proteins,1,47.9968,251.9832,0.9251023634654921
14500031662,10.5,Birds Eye Sheet Pan Chicken With Balsamic Flavored Sweet Potatoes Frozen Meal,0,Frozen,21 oz,6.99,0,2172124,14500031662,138.0,g,Frozen Dinners & Entrees,"CHICKEN WITH BALSAMIC FLAVORED SWEET POTATOES CHICKEN BREAST WITH BALSAMIC SEASONED CAULIFLOWER, BRUSSELS SPROUT HALVES, AND SWEET POTATOES SHEET PAN MEALS, CHICKEN WITH BALSAMIC","CAULIFLOWER, HERB COATED COOKED CHICKEN (CHICKEN BREAST, WATER, OLIVE OIL, LESS THAN 2% OF: ISOLATED SOY PROTEIN PRODUCT [ISOLATED SOY PROTEIN, MODIFIED POTATO STARCH, CORN STARCH, CARRAGEENAN, SOY LECITHIN], SALT, DEXTROSE, MALTODEXTRIN, GARLIC POWDER, POTASSIUM CHLORIDE, SODIUM PHOSPHATE, ONION POWDER, BLACK PEPPER, PARSLEY, GROUND CELERY SEED, THYME, FLAVORING), BRUSSELS SPROUTS, ROASTED SWEET POTATOES, SOYBEAN OIL, HONEY BALSAMIC SEASONING (SALT, ACACIA GUM, SUGAR, MALTODEXTRIN, CITRIC ACID, NATURAL FLAVOR, VINEGAR, SPICE, GARLIC POWDER, TRICALCIUM PHOSPHATE, HONEY, BALSAMIC VINEGAR SOLIDS, INVERT SUGAR).",2021-10-28,10.005,54.027,13.9932,150.42,0,4.002,0.0,0.7038,0.0,0.0,459.54,0.4695898877546945,0.0,0.0,0.0,0.0,0.0,0.0,0.0,0.0,0.0,0.0,0.0,0.0,4.002,0.0,-0.36712041363271,0.0,0.0,-0.06660228086321737,"Chicken, fried, with potatoes, vegetable, frozen meal",28140710,Chicken,41 Legumes,Proteins,1,40.02,55.9728,-0.9319361948171969
80000520869,1.0,StarKist Premium White Chicken Pouch,0,Canned & Packaged,2.6 oz,1.99,67,2193657,80000520869,74.0,g,Canned Meat,PREMIUM WHITE CHICKEN,"CHICKEN (WHITE CHICKEN MEAT, WATER, MODIFIED FOOD STARCH [CORN], SALT, SODIUM PHOSPHATE).",2021-12-01,14.9998,17.982,0.0,79.92,0,0.0,0.0,0.3996,0.0,150.22,179.82,-0.5349069132876095,0.0,0.0,0.0,0.0,0.0,0.0,0.0,0.0,5.99992,0.0,0.0,0.0,0.0,0.0,-0.6141434123230366,0.1998,0.0,-0.31732331564339133,"Chicken, for use with vegetables",89901006,Chicken,41 Legumes,Proteins,1,59.9992,0.0,-0.1462660355437516
64563221944,7.0,Yummy Chicken & Veggie Whole Grain Tenders,0,Frozen,19 oz,7.99,0,2192660,64563221944,72.0,g,Frozen Appetizers & Hors D'oeuvres,"CHICKEN & VEGGIE CHICKEN BREAST TENDERS BREADED CHICKEN BREAST WITH RIB MEAT AND VEGETABLE PATTIES, CHICKEN & VEGGIE","BONELESS SKINLESS CHICKEN BREAST WITH RIB MEAT, CAULIFLOWER, WATER, WHEAT FLOUR, POTATO, YELLOW CORN FLOUR, ENRICHED WHEAT FLOUR (NIACIN (VITAMIN B3), REDUCED IRON, THIAMINE MONONITRATE (VITAMIN B1), RIBOFLAVIN (VITAMIN B2), FOLIC ACID). CONTAINS 2% OR LESS OF THE FOLLOWING: FLAXSEED MEAL, NATURAL FLAVOR, YEAST, EXTRACTIVE OF PAPRIKA (COLOR), CANOLA OIL, DISTILLED VINEGAR, CORN STARCH, GUARGUM, METHYLCELLULOSE, ISOLATED SOY PROTEIN, LEAVENING (SODIUM BICARBONATE), IRON, SALT.",2021-12-01,6.9984,71.9928,12.0024,149.76,0,2.016,20.16,1.8,0.0,0.0,0.0,-0.8196360193547526,0.0,0.0,0.0,0.0,0.0,0.0,0.0,0.0,0.0,0.0,0.0,0.0,1.0008,0.0,-0.36349364856221583,0.0,0.0,-0.31732331564339133,"Chicken, chicken roll, roasted",24198670,Chicken,41 Legumes,Proteins,1,27.9936,48.0096,-0.6521900017425611
71429002463,1.0,Zatarain's® New Orleans Style Blackened Chicken Alfredo,0,"Frozen, Frozen",10.5 oz,4.49,44,1868946,71429002463,297.0,g,Frozen Dinners & Entrees,"BLACKENED CHICKEN ALFREDO SEASONED GRILLED WHITE MEAT CHICKEN AND PENNE PASTA IN A ZESTY, CREAMY CHEESE SAUCE, BLACKENED CHICKEN ALFREDO","COOKED ENRICHED MACARONI PRODUCT (WATER, DURUM WHEAT SEMOLINA [ENRICHED WITH NIACIN, IRON, THIAMINE MONONITRATE, RIBOFLAVIN, FOLIC ACID]), WATER, BLACKENED SEASONED GRILLED CHICKEN (CHICKEN TENDERS, WATER, BLACKENED SEASONING [SALT, SPICES {INCLUDING RED PEPPER AND PAPRIKA}, SOY PROTEIN ISOLATE, MODIFIED POTATO STARCH, SODIUM PHOSPHATE, CORN STARCH, ONION, CARRAGEENAN, GARLIC, EXTRACTIVES OF OREGANO, SOY LECITHIN]), CREAM, CREAM CHEESE (PASTEURIZED MILK AND CREAM, CHEESE CULTURE, SALT, CAROB BEAN GUM), HALF AND HALF (MILK, CREAM), MARGARINE (LIQUID AND HYDROGENATED SOYBEAN OIL, WATER, SALT, VEGETABLE MONO AND DIGLYCERIDES, SOY LECITHIN, NATURAL AND ARTIFICIAL FLAVOR, BHA & BHT ADDED TO PROTECT FLAVOR, VITAMIN A PALMITATE AND VITAMIN D3 ADDED), SWEET DAIRY WHEY, HEAVY CREAM SAUCE (SHORTENING POWDER [PARTIALLY HYDROGENATED SOYBEAN OIL, CORN SYRUP SOLIDS, SODIUM CASEINATE AND MONO AND DIGLYCERIDES], CORN MALTODEXTRIN, MODIFIED CORN STARCH, DEHYDRATED SWEET CREAM [PASTEURIZED SWEET CREAM, SKIM MILK SOLIDS, SODIUM CASEINATE, SOY LECITHIN, BHT), SALT, SUGAR, GARLIC POWDER, LEMON JUICE POWDER [CORN SYRUP SOLIDS, LEMON JUICE, LEMON OIL, BHT], NATURAL BUTTER FLAVOR, DISODIUM INOSINATE AND DISODIUM GUANYLATE), CHEESE FLAVOR (A DEHYDRATED BLEND OF ROMANO CHEESE [PART SKIM COW'S MILK, CHEESE CULTURE, SALT, ENZYMES], WHEY, PARTIALLY HYDROGENATED SOYBEAN OIL, BUTTERMILK SOLIDS, SODIUM PHOSPHATE, SALT), MILK (VITAMIN D3 ADDED), NONFAT MILK SOLIDS (NONFAT MILK, WHEY SOLIDS [LACTOSE], VITAMIN A AND D3), DRY BUTTERMILK, CHEESE FLAVOR (A DEHYDRATED BLEND OF PARMESAN CHEESE [PART-SKIM MILK, CHEESE CULTURE, SALT, ENZYMES], WHEY, BUTTERMILK SOLIDS, SODIUM PHOSPHATE, SALT), GREEN ONIONS, MODIFIED CORN STARCH, SHARP CHEDDAR CHEESE FLAVOR (DEHYDRATED GRANULAR AND BLUE CHEESE [PASTEURIZED MILK, CHEESE CULTURE, SALT, ENZYMES], WHEY, PARTIALLY HYDROGENATED SOYBEAN OIL, WHEY PROTEIN CONCENTRATE, LACTOSE, CORN MALTODEXTRIN, SALT, SODIUM PHOSPHATE, CITRIC ACID, LACTIC ACID), CORN MALTODEXTRIN, CANOLA OIL, SEA SALT, YEAST EXTRACT, MONO AND DIGLYCERIDES, POTASSIUM CHLORIDE, SPICES, PARSLEY FLAKES, GRANULATED GARLIC, DISODIUM PHOSPHATE, XANTHAN GUM, DEXTROSE, CHILI POWDER (CHILI PEPPER, CUMIN, SALT, CARAMEL COLOR, GARLIC POWDER, OREGANO), SUGAR, GRANULATED ONION, DISODIUM INOSINATE AND DISODIUM GUANYLATE (FLAVOR ENHANCERS).",2021-07-29,22.0077,198.0693,53.9946,498.96,0,2.079,198.99,1.8117,0.0,0.0,0.0,1.759996797943605,0.0,751.41,0.0,0.0,0.0,1.188,0.0,0.0,0.0,0.0,0.0,0.0,10.989,1.5147,4.174042800259831,0.0,0.0,-0.31732331564339133,"Chicken, for use with vegetables",89901006,Chicken,41 Legumes,Proteins,1,88.0308,215.9784,1.3417456297468646
31000007201,1.0,Banquet Mega Meals Boneless Fried Chicken Frozen Meal,0,Frozen,12 oz,3.99,51,2210771,31000007201,340.0,g,Frozen Dinners & Entrees,"BONELESS FRIED CHICKEN BREADED AND SEASONED FRIED CHICKEN PATTIES WITH CHEDDAR MACARONI AND CHEESE SAUCE MEGA MEALS, BONELESS FRIED CHICKEN","BREADED CHICKEN PATTY: CHICKEN BREAST WITH RIB MEAT, WATER, BREADER (WHEAT FLOUR, MONOSODIUM GLUTAMATE, SALT, SPICES, LEAVENING [SODIUM ACID PYROPHOSPHATE, SODIUM BICARBONATE, CORN STARCH, MONOCALCIUM PHOSPHATE], GARLIC POWDER), BATTER MIX (YELLOW CORN FLOUR, CORN STARCH, SPICES, SALT, SUGAR, AUTOLYZED YEAST EXTRACT, GUAR GUM, LEAVENING [SODIUM ACID PYROPHOSPHATE, SODIUM BICARBONATE, MONOCALCIUM PHOSPHATE], GARLIC POWDER), TEXTURED SOY PROTEIN CONCENTRATE, POTASSIUM CHLORIDE, AUTOLYZED YEAST EXTRACT, SODIUM PHOSPHATES, SALT, FLAVORINGS. FRIED IN VEGETABLE OIL. MACARONI AND CHEESE SAUCE: SAUCE (WATER, CHEDDAR CLUB CHEESE [PASTEURIZED CULTURED MILK, SALT, ENZYMES, ANNATTO {COLOR}], MODIFIED WHEY, SOYBEAN OIL, MODIFIED CORN STARCH, NONFAT DRY MILK, SALT, CHEDDAR CHEESE FLAVOR [CHEDDAR CHEESE {PASTEURIZED MILK, CULTURES, SALT, ENZYMES}, WATER, LACTIC ACID, YEAST EXTRACT, SALT, DISODIUM PHOSPHATE, SODIUM CITRATE, XANTHAN GUM], SUGAR, SODIUM PHOSPHATES, XANTHAN GUM, CITRIC ACID, GUAR GUM, SUNFLOWER OIL, BETA CAROTENE [COLOR]), COOKED MACARONI (WATER, ENRICHED MACARONI PRODUCT [DURUM WHEAT SEMOLINA, NIACIN, IRON {FERROUS SULFATE}, THIAMINE MONONITRATE, RIBOFLAVIN, FOLIC ACID]).",2022-01-06,31.994,234.09,60.01,598.4,0,0.0,119.0,3.094,0.0,0.0,870.4,4.724350315370392,0.0,0.0,0.0,0.0,0.0,0.0,0.0,0.0,0.0,0.0,0.0,0.0,4.998,0.0,1.6499654264071435,0.0,0.0,-0.05258681929165484,"Chicken, fried, with potatoes, vegetable, frozen meal",28140710,Chicken,41 Legumes,Proteins,1,127.976,240.04,1.0441432966887414
51000062765,1.0,Hungry-Man Boneless Fried Chicken Frozen Meal,0,Frozen,16 oz,3.29,0,1728574,51000062765,454.0,g,Frozen Dinners & Entrees,"BONELESS FRIED CHICKEN WHITE MEAT CHICKEN PATTIES WITH MASHED POTATOES, SWEET CORN AND A BROWNIE, BONELESS FRIED CHICKEN","BONELESS FRIED WHITE MEAT CHICKEN PATTIES (COOKED WHITE MEAT CHICKEN, WATER, ENRICHED WHEAT FLOUR [WHEAT FLOUR, NIACIN, REDUCED IRON, THIAMINE MONONITRATE, RIBOFLAVIN, FOLIC ACID], SOYBEAN OIL, MECHANICALLY SEPARATED CHICKEN, CHICKEN SKINS, SOY PROTEIN CONCENTRATE, SALT, SODIUM PHOSPHATE, MONOSODIUM GLUTAMATE, DEXTROSE, SPICE EXTRACT, ISOLATED OAT PRODUCT), MASHED POTATOES (WATER, DEHYDRATED POTATO FLAKES [POTATOES, MONO AND DIGLYCERIDES, SODIUM ACID PYROPHOSPHATE, CITRIC ACID], SEASONING SAUCE (SOYBEAN OIL, WATER, MONO AND DIGLYCERIDES WITH BHT AND CITRIC ACID TO PROTECT FLAVOR, BETA-CAROTENE FOR COLOR [CORN OIL, DL-ALPHA-TOCOPHEROL]), CONTAINS LESS THAN 2% OF: SALT, DRIED DAIRY BLEND [WHEY, CALCIUM CASEINATE]), CORN, BROWNIE (SUGAR, WATER, ENRICHED WHEAT FLOUR [WHEAT FLOUR, NIACIN, REDUCED IRON, THIAMINE MONONITRATE, RIBOFLAVIN, FOLIC ACID], SOYBEAN OIL, COCOA, EGGS, SEASONING SAUCE (SOYBEAN OIL, WATER, MONO AND DIGLYCERIDES WITH BHT AND CITRIC ACID TO PROTECT FLAVOR, BETA-CAROTENE FOR COLOR [CORN OIL, DL-ALPHA-TOCOPHEROL]), ACACIA AND XANTHAN GUMS, SODIUM BICARBONATE (HYDROGENATED VEGETABLE OIL), SALT, NATURAL AND ARTIFICIAL FLAVOR [NATURAL AND ARTIFICIAL FLAVOR, CARAMEL COLOR, VANILLA EXTRACTIVES], SEASONING SAUCE (WATER, SUGAR, SEASONING SAUCE [SOYBEAN OIL, WATER, MONO AND DIGLYCERIDES WITH BHT AND CITRIC ACID TO PROTECT FLAVOR, BETA-CAROTENE FOR COLOR (CORN OIL, DL-ALPHA-TOCOPHEROL)], SALT, SOYBEAN OIL).",2021-03-19,26.0142,350.98740000000004,80.9936,780.88,0,6.81,158.9,3.9044,0.0,0.0,980.64,2.1912060738363914,0.0,0.0,0.0,0.0,0.0,0.0,0.0,0.0,0.0,0.0,0.0,0.0,25.0154,0.4994,2.654176377037313,0.0,0.0,4.396024501756153,"Chicken, fried, with potatoes, vegetable, frozen meal",28140710,Chicken,41 Legumes,Proteins,1,104.0568,323.9744,0.6275000304073688
796853100065,7.25,Keystone All Natural Chicken,0,Canned & Packaged,14.5 oz,5.99,77,2038064,796853100065,56.0,g,Canned Meat,CHICKEN,"CHICKEN, SEA SALT.",2021-10-28,12.0008,9.0216,0.0,59.92,0,0.0,0.0,0.0,0.0,0.0,0.0,-1.4632469096905367,0.0,0.0,0.0,0.0,0.0,0.0,0.0,0.0,0.0,0.0,0.0,0.0,0.0,0.0,-0.6165612557033662,0.0,0.0,-0.31732331564339133,"Chicken, for use with vegetables",89901006,Chicken,41 Legumes,Proteins,1,48.0032,0.0,-0.8367034482385974
41358531259,25.0,Sweet Sue® Boned Chicken,0,Canned & Packaged,50 oz,10.49,53,2116616,41358531259,56.0,g,Canned Meat,BONED CHICKEN,"CHICKEN, WATER, SALT, CONTAINS 2% OR LESS OF MODIFIED FOOD STARCH, SODIUM PHOSPHATE (TO MAINTAIN FLAVOR AND FIRMNESS).",2021-10-28,10.9984,72.02159999999999,0.0,119.84,0,0.0,20.16,0.3584,0.0,0.0,0.0,-0.28281643778019944,0.0,0.0,0.0,0.0,0.0,0.0,0.0,0.0,0.0,0.0,0.0,0.0,0.0,0.0,0.39047051220385454,0.0,0.0,-0.31732331564339133,"Chicken, for use with vegetables",89901006,Chicken,41 Legumes,Proteins,1,43.9936,0.0,-1.0807373613462585
796853100058,14.0,Keystone All Natural Chicken,0,Canned & Packaged,28 oz,7.99,77,2038523,796853100058,56.0,g,Canned Meat,CHICKEN,"CHICKEN, SEA SALT.",2021-10-28,12.0008,9.0216,0.0,59.92,0,0.0,0.0,0.0,0.0,0.0,0.0,-1.4632469096905367,0.0,0.0,0.0,0.0,0.0,0.0,0.0,0.0,0.0,0.0,0.0,0.0,0.0,0.0,-0.6165612557033662,0.0,0.0,-0.31732331564339133,"Chicken, for use with vegetables",89901006,Chicken,41 Legumes,Proteins,1,48.0032,0.0,-0.9914566614288217
11110813916,8.0,Kroger®  Chicken Fries,0,Frozen,25.5 oz,5.99,0,2037415,11110813916,88.0,g,Frozen Appetizers & Hors D'oeuvres,CHICKEN FRIES,"CHICKEN BREAST WITH RIB MEAT, WATER, BLEACHED WHEAT FLOUR, ENRICHED BLEACHED WHEAT FLOUR (ENRICHED WITH NIACIN, FERROUS SULFATE, THIAMINE MONONITRATE, RIBOFLAVIN, FOLIC ACID), ISOLATED SOY PROTEIN, CONTAINS 2% OR LESS OF: SEASONING (SUGAR, SALT, HYDROLYZED SOY PROTEIN), DEHYDRATED ONION, POTASSIUM CHLORIDE, DEHYDRATED GARLIC, SPICES, PARTIALLY HYDROGENATED SOYBEAN OIL), MODIFIED FOOD STARCH, TEXTURED SOY FLOUR, YELLOW CORN FLOUR, SALT, POTASSIUM AND SODIUM PHOSPHATE, DEXTROSE, OLEORESIN PAPRIKA AND ANNATTO, PARTIALLY HYDROGENATED SOYBEAN AND COTTONSEED OIL, SUGAR, YEAST, LEAVENING (SODIUM ACID PYROPHOSPHATE, SODIUM BICARBONATE).",2021-10-28,12.0032,116.97840000000001,15.004,220.0,0,0.968,20.24,1.0824,0.0,0.0,290.4,-0.4614699945282106,0.0,100.32,0.0,0.0,0.0,1.232,0.0,0.0,0.0,0.0,0.0,0.0,1.0032,0.0,0.3912764599972978,0.0,0.0,-0.31732331564339133,"Chicken, for use with vegetables",89901006,Chicken,41 Legumes,Proteins,1,48.0128,60.016,-0.8843198215278972
891627009008,1.0,evol. Lean & Fit Teriyaki Chicken,0,Frozen,9 oz,3.99,60,2210277,891627009008,255.0,g,Frozen Dinners & Entrees,"TERIYAKI CHICKEN GRILLED WHITE MEAT CHICKEN WITH BROWN RICE, CARROTS, RED AND GREEN BELL PEPPERS, SNAP PEAS AND BROCCOLI-ALL COMBINED WITH AN INSANELY TASTY TERIYAKI SAUCE, TERIYAKI CHICKEN","COOKED BROWN RICE, GRILLED SEASONED CHICKEN (CHICKEN WHITE MEAT, WATER, POTATO STARCH, SEA SALT), CARROTS, BELL PEPPERS, SNAP PEAS, WATER, BROCCOLI, TAMARI SAUCE (WATER, SOYBEANS, SALT, VINEGAR), LIGHT BROWN SUGAR, HONEY, CORN STARCH, GINGER PUREE, GARLIC.",2022-01-06,13.9995,27.081,47.991,280.5,0,4.08,61.2,1.5045,0.0,0.0,359.55,0.35911241786665143,0.0,0.0,0.0,0.0,0.0,0.0,0.0,0.0,0.0,0.0,0.0,0.0,12.0105,0.0,-0.6107181342009033,0.0,0.0,1.9991210274343032,"Chicken, for use with vegetables",89901006,Chicken,41 Legumes,Proteins,1,55.998,191.964,1.0441432966887414
72655001039,1.0,Healthy Choice Cafe Steamers Chicken Linguini with Red Pepper Alfredo,0,Frozen,9.8 oz,3.79,61,2233860,72655001039,277.0,g,Dough Based Products / Meals,HEALTHY CHOICE Cafe Steamers Chicken Linguini Alfredo,"COOKED PASTA (WATER, ENRICHED WHEAT FLOUR [DURUM WHEAT SEMOLINA, NIACIN, FERROUS SULFATE {IRON}, THIAMINE MONONITRATE, RIBOFLAVIN, FOLIC ACID], SOYBEAN OIL, EGG WHITE), BROCCOLI, COOKED CHICKEN (CHICKEN BREAST, WATER, OLIVE OIL, CONTAINS 2% OR LESS OF: ISOLATED SOY PROTEIN PRODUCT [ISOLATED SOY PROTEIN, MODIFIED POTATO STARCH, CORN STARCH, CARRAGEENAN, SOY LECITHIN], DEXTROSE, POTASSIUM CHLORIDE, SALT, SODIUM PHOSPHATES, FLAVORING), WATER, RED BELL PEPPERS AND PUREE (RED BELL PEPPERS, SUGAR, SALT), PARMESAN CHEESE (PART SKIM MILK, CHEESE CULTURE, SALT, ENZYMES), CONTAINS 2% OR LESS OF: MODIFIED CORN STARCH, SOYBEAN OIL, NONFAT DRY MILK, RED PEPPER SAUCE (DISTILLED VINEGAR, RED PEPPER, SALT), SALT, FLAVORINGS, XANTHAN GUM, GUAR GUM. CONTAINS: EGG, MILK, SOY, WHEAT.",2022-04-01,20.9966,54.0981,27.0075,249.3,0,4.986,80.33,1.4404,0.0,0.0,628.79,0.04170889326767046,0.0,199.44,0.0,0.0,0.0,8.864,0.0,0.0,0.0,0.0,0.0,0.0,2.9916,0.0,0.13699993116598272,0.0,0.0,-0.31732331564339133,"Chicken, for use with vegetables",89901006,Chicken,41 Legumes,Proteins,1,83.9864,108.03,0.9251023634654921
14500031693,5.0,Birds Eye Sheet Pan Chicken With Rosemary Brown Butter Potatoes Frozen Meal,0,Frozen,21 oz,6.99,0,1992497,14500031693,118.0,g,Frozen Dinners & Entrees,"CHICKEN BREAST WITH ROSEMARY BROWN BUTTER SEASONED ROASTED POTATOES AND BROCCOLI SHEET PAN MEALS, CHICKEN WITH ROSEMARY BROWN BUTTER POTATOES","ROASTED POTATOES, BROCCOLI, HERB COATED COOKED CHICKEN (CHICKEN BREAST; WATER, OLIVE OIL, LESS THAN 2% OF: ISOLATED SOY PROTEIN PRODUCT [ISOLATED SOY PROTEIN, MODIFIED POTATO STARCH, CORN STARCH, CARRAGEENAN, SOY LECITHIN], SALT, DEXTROSE, MALTODEXTRIN, GARLIC POWDER, POTASSIUM CHLORIDE, SODIUM PHOSPHATE, ONION POWDER, BLACK PEPPER, PARSLEY, GROUND CELERY SEED, THYME, FLAVORING), SOYBEAN OIL, ROSEMARY BROWN BUTTER SEASONING (SALT, SUGAR, BROWN SUGAR, MALTODEXTRIN, NONFAT DRY MILK, GARLIC POWDER, SPICE, BUTTER [CREAM, ANNATTO], WHEY POWDER, ONION POWDER, BUTTERMILK POWDER, SUNFLOWER OIL, MODIFIED CORN STARCH, MEDIUM CHAIN TRIGLYCERIDES, NATURAL FLAVOR, DISODIUM PHOSPHATE).",2021-07-29,9.0034,45.0288,13.9948,140.42,0,2.006,29.5,1.003,0.0,0.0,560.5,0.2177141400799142,0.0,0.0,0.0,0.0,0.0,0.0,0.0,0.0,0.0,0.0,0.0,0.0,1.9942,0.0,-0.36238547034623153,0.0,0.0,-0.31732331564339133,"Chicken, fried, with potatoes, vegetable, frozen meal",28140710,Chicken,41 Legumes,Proteins,1,36.0136,55.9792,-0.49743678855233703
25800023981,1.0,Smart Ones Savory Italian Recipes Chicken Parmesan,0,"Frozen, Frozen",10 oz,2.19,50,2213082,25800023981,283.0,g,Frozen Dinners & Entrees,"SAVORY ITALIAN RECIPES WHITE MEAT CHICKEN PARMESAN AND SPAGHETTI TOPPED WITH MARINARA SAUCE AND PART-SKIM MOZZARELLA CHEESE, CHICKEN PARMESAN","SAUCE (DICED TOMATOES IN JUICE [TOMATOES, TOMATO JUICE, CITRIC ACID, CALCIUM CHLORIDE], WATER, ONIONS, TOMATO PASTE, MODIFIED FOOD STARCH, SUGAR, GARLIC, SPICES, EXTRA VIRGIN OLIVE OIL, PARMESAN CHEESE [CULTURED PART-SKIM MILK, SALT, ENZYMES], SALT, XANTHAN GUM, PARSLEY), COOKED ENRICHED MACARONI PRODUCT (WATER, ENRICHED SEMOLINA [DURUM WHEAT FLOUR, NIACIN, FERROUS SULFATE, THIAMINE MONONITRATE, RIBOFLAVIN, FOLIC ACID]), COOKED SEASONED BREADED CHICKEN (BONELESS, SKINLESS CHICKEN BREAST WITH RIB MEAT, WATER, HERB SEASONING [CORN MALTODEXTRIN, SALT, MODIFIED TAPIOCA STARCH, DEXTROSE, YEAST EXTRACT, NATURAL FLAVORS, SPICES, ONION POWDER, GARLIC POWDER, GREEN PEPPER, SOY SAUCE (WHEAT, SOYBEANS, SALT) AND LESS THAN 2% SUNFLOWER OIL], SODIUM PHOSPHATES, ENRICHED BLEACHED WHEAT FLOUR [WHEAT FLOUR, NIACIN, REDUCED IRON, THIAMINE MONONITRATE, RIBOFLAVIN, FOLIC ACID], DEXTROSE, SALT, PARMESAN CHEESE [PASTEURIZED PART-SKIM MILK, CHEESE CULTURE, SALT, ENZYMES], CHEESE POWDER [PARMESAN CHEESE (MILK, CULTURES, SALT, ENZYMES), MALTODEXTRIN, WHEY, DISODIUM PHOSPHATE], DRIED WHEY, SPICES, GARLIC POWDER, ONION POWDER, MALTED BARLEY FLOUR AND EXTRACTIVES OF PAPRIKA, SOYBEAN OIL), CHEESE BLEND (PART-SKIM MOZZARELLA CHEESE [PART-SKIM MILK, CHEESE CULTURES, SALT, ENZYMES], MODIFIED FOOD STARCH, SKIM MILK).",2022-01-06,20.0081,53.9964,35.0071,280.17,0,3.113,149.99,1.8112,0.0,0.0,0.0,0.32514963233903466,0.0,500.91,0.0,0.0,0.0,5.943,0.0,0.0,0.0,0.0,0.0,0.0,5.0091,0.0,0.14450531999242217,0.0,0.0,-0.31732331564339133,"Chicken, for use with vegetables",89901006,Chicken,41 Legumes,Proteins,1,80.0324,140.0284,-0.027225102320502324
